{
  "metadata": {
    "name": "Marclock",
    "filename": "Marclock",
    "author": "cramis12345",
    "created_at": "02-01-2025",
    "author_version": "1.0",
    "cwf_version": "2.0"
  },
  "highColor": "#DADA00",
  "midColor": "#00DA00",
  "lowColor": "#DA0000",
  "lowBatColor": "#E53935",
  "carbColor": "#FB8C00",
  "gridColor": "#808080",
  "pointSize": 2,
  "enableSecond": false,
  "monthFormat": "MMM",
  "background": {
    "width": 400,
    "height": 400,
    "topmargin": 0,
    "leftmargin": 0,
    "visibility": "visible"
  },
  "chart": {
    "width": 192,
    "height": 122,
    "topmargin": 238,
    "leftmargin": 182,
    "visibility": "visible"
  },
  "cover_chart": {
    "width": 400,
    "height": 400,
    "topmargin": 0,
    "leftmargin": 0,
    "visibility": "gone"
  },
  "tempTarget": {
    "width": 400,
    "height": 22,
    "topmargin": 15,
    "leftmargin": 0,
    "rotation": 0,
    "visibility": "visible",
    "textsize": 20,
    "gravity": "center",
    "font": "sans_serif",
    "fontStyle": "normal",
    "fontColor": "#EEEEEE"
  },
  "iob2": {
    "width": 69,
    "height": 35,
    "topmargin": 120,
    "leftmargin": 324,
    "rotation": 0,
    "visibility": "gone",
    "textsize": 12,
    "gravity": "center",
    "font": "sans_serif",
    "fontStyle": "normal",
    "fontColor": "#EEEEEE"
  },
  "basalRate": {
    "width": 100,
    "height": 30,
    "topmargin": 35,
    "leftmargin": 100,
    "rotation": 0,
    "visibility": "visible",
    "textsize": 20,
    "gravity": "center",
    "font": "sans_serif",
    "fontStyle": "normal",
    "fontColor": "#EEEEEE"
  },
  "cob2": {
    "width": 100,
    "height": 30,
    "topmargin": 35,
    "leftmargin": 200,
    "rotation": 0,
    "visibility": "visible",
    "textsize": 20,
    "gravity": "center",
    "font": "sans_serif",
    "fontStyle": "normal",
    "fontColor": "#FFFFFF"
  },
  "delta": {
    "width": 100,
    "height": 25,
    "topmargin": 208,
    "leftmargin": 10,
    "rotation": 0,
    "visibility": "visible",
    "textsize": 23,
    "gravity": "center",
    "font": "sans_serif",
    "fontStyle": "bold",
    "fontColor": "#BEBEBE"
  },
  "uploader_battery": {
    "width": 69,
    "height": 35,
    "topmargin": 145,
    "leftmargin": 325,
    "rotation": 0,
    "visibility": "gone",
    "textsize": 13,
    "gravity": "center",
    "font": "sans_serif",
    "fontStyle": "bold",
    "fontColor": "#FFFFFF"
  },
  "time": {
    "width": 250,
    "height": 100,
    "topmargin": 98,
    "leftmargin": 70,
    "rotation": 0,
    "visibility": "visible",
    "textsize": 92,
    "gravity": "center",
    "font": "sans_serif",
    "fontStyle": "bold",
    "fontColor": "#FFFFFF"
  },
  "month": {
    "width": 150,
    "height": 100,
    "topmargin": 55,
    "leftmargin": 85,
    "rotation": 0,
    "visibility": "visible",
    "textsize": 31,
    "allCaps": true,
    "gravity": "center",
    "font": "sans_serif",
    "fontStyle": "normal",
    "fontColor": "#FFFFFF"
  },
  "day": {
    "width": 150,
    "height": 100,
    "topmargin": 55,
    "leftmargin": 148,
    "rotation": 0,
    "visibility": "visible",
    "textsize": 31,
    "gravity": "center",
    "font": "sans_serif",
    "fontStyle": "normal",
    "fontColor": "#FFFFFF"
  },
  "reservoir": {
    "width": 69,
    "height": 35,
    "topmargin": 166,
    "leftmargin": 325,
    "rotation": 0,
    "visibility": "gone",
    "textsize": 13,
    "gravity": "center",
    "font": "sans_serif",
    "fontStyle": "bold",
    "fontColor": "#FFFFFF"
  },
  "loop": {
    "width": 50,
    "height": 50,
    "topmargin": 65,
    "leftmargin": 315,
    "rotation": 0,
    "visibility": "visible",
    "textsize": 15,
    "gravity": "center",
    "font": "sans_serif",
    "fontStyle": "bold",
    "fontColor": "#FFFFFF"
  },
  "direction": {
    "width": 99,
    "height": 68,
    "topmargin": 299,
    "leftmargin": 66,
    "visibility": "visible"
  },
  "timestamp": {
    "width": 100,
    "height": 25,
    "topmargin": 208,
    "leftmargin": 100,
    "rotation": 0,
    "visibility": "visible",
    "textsize": 23,
    "gravity": "center",
    "font": "sans_serif",
    "fontStyle": "bold",
    "fontColor": "#BEBEBE"
  },
  "sgv": {
    "width": 160,
    "height": 100,
    "topmargin": 223,
    "leftmargin": 22,
    "rotation": 0,
    "visibility": "visible",
    "textsize": 71,
    "gravity": "center",
    "font": "sans_serif",
    "fontStyle": "bold",
    "fontColor": "#FFFFFF"
  },
  "cover_plate": {
    "width": 400,
    "height": 400,
    "topmargin": 0,
    "leftmargin": 0,
    "visibility": "gone"
  },
  "hour_hand": {
    "width": 400,
    "height": 400,
    "topmargin": 0,
    "leftmargin": 0,
    "visibility": "gone"
  },
  "minute_hand": {
    "width": 400,
    "height": 400,
    "topmargin": 0,
    "leftmargin": 0,
    "visibility": "gone"
  },
  "second_hand": {
    "width": 400,
    "height": 400,
    "topmargin": 0,
    "leftmargin": 0,
    "visibility": "gone"
  }
}