{
    "metadata": {
        "name": "Digital Big Graph",
        "filename": "Digital Big Graph",
        "author": "jbr7rr, 4RK4N",
        "created_at": "17-08-2023",
        "author_version": "1.5",
        "cwf_version": "1.0",
        "comment": "Digital Watchface with minimalistic design"
    },
    "highColor": "#DADA00",
    "midColor": "#00DA00",
    "lowColor": "#DA0000",
    "lowBatColor": "#E53935",
    "carbColor": "#FB8C00",
    "gridColor": "#CCCCCC",
    "pointSize": 2,
    "enableSecond": true,
    "background": {
        "width": 400,
        "height": 400,
        "topmargin": 0,
        "leftmargin": 0,
        "visibility": "visible"
    },
    "chart": {
        "width": 400,
        "height": 160,
        "topmargin": 160,
        "leftmargin": 0,
        "visibility": "visible"
    },
    "cover_chart": {
        "width": 400,
        "height": 400,
        "topmargin": 0,
        "leftmargin": 0,
        "visibility": "gone"
    },
    "iob1": {
        "width": 130,
        "height": 33,
        "topmargin": 168,
        "leftmargin": 270,
        "rotation": 0,
        "visibility": "gone",
        "textsize": 23,
        "gravity": "center",
        "font": "default",
        "fontStyle": "normal",
        "fontColor": "#CCCCCC"
    },
    "iob2": {
        "width": 130,
        "height": 33,
        "topmargin": 120,
        "leftmargin": 15,
        "rotation": 0,
        "visibility": "visible",
        "textsize": 23,
        "gravity": "center",
        "font": "default",
        "fontStyle": "bold",
        "fontColor": "#64B5F6"
    },
    "cob1": {
        "width": 120,
        "height": 33,
        "topmargin": 168,
        "leftmargin": 0,
        "rotation": 0,
        "visibility": "gone",
        "textsize": 21,
        "gravity": "center",
        "font": "default",
        "fontStyle": "normal",
        "fontColor": "#CCCCCC"
    },
    "cob2": {
        "width": 120,
        "height": 33,
        "topmargin": 196,
        "leftmargin": 0,
        "rotation": 0,
        "visibility": "gone",
        "textsize": 21,
        "gravity": "center",
        "font": "default",
        "fontStyle": "bold",
        "fontColor": "#CCCCCC"
    },
    "delta": {
        "width": 59,
        "height": 32,
        "topmargin": 120,
        "leftmargin": 225,
        "rotation": 0,
        "visibility": "visible",
        "textsize": 23,
        "gravity": "center",
        "font": "default",
        "fontStyle": "bold",
        "fontColor": "#CCCCCC"
    },
    "avg_delta": {
        "width": 59,
        "height": 32,
        "topmargin": 120,
        "leftmargin": 74,
        "rotation": 0,
        "visibility": "gone",
        "textsize": 23,
        "gravity": "center",
        "font": "default",
        "fontStyle": "bold",
        "fontColor": "#CCCCCC"
    },
    "uploader_battery": {
        "width": 60,
        "height": 32,
        "topmargin": 325,
        "leftmargin": 60,
        "rotation": 0,
        "visibility": "visible",
        "textsize": 23,
        "gravity": "right",
        "font": "default",
        "fontStyle": "bold",
        "fontColor": "#CCCCCC"
    },
    "rig_battery": {
        "width": 60,
        "height": 32,
        "topmargin": 120,
        "leftmargin": 189,
        "rotation": 0,
        "visibility": "gone",
        "textsize": 23,
        "gravity": "center",
        "font": "default",
        "fontStyle": "bold",
        "fontColor": "#CCCCCC"
    },
    "basalRate": {
        "width": 91,
        "height": 32,
        "topmargin": 120,
        "leftmargin": 120,
        "rotation": 0,
        "visibility": "visible",
        "textsize": 23,
        "gravity": "center",
        "font": "default",
        "fontStyle": "bold",
        "fontColor": "#CCCCCC"
    },
    "bgi": {
        "width": 60,
        "height": 32,
        "topmargin": 120,
        "leftmargin": 340,
        "rotation": 0,
        "visibility": "gone",
        "textsize": 23,
        "gravity": "center",
        "font": "default",
        "fontStyle": "bold",
        "fontColor": "#CCCCCC"
    },
    "time": {
        "width": 170,
        "height": 78,
        "topmargin": 290,
        "leftmargin": 115,
        "rotation": 0,
        "visibility": "gone",
        "textsize": 60,
        "gravity": "center",
        "font": "default",
        "fontStyle": "bold",
        "fontColor": "#CCCCCC"
    },
    "hour": {
        "width": 70,
        "height": 78,
        "topmargin": 313,
        "leftmargin": 129,
        "rotation": 0,
        "visibility": "visible",
        "textsize": 60,
        "gravity": "center",
        "font": "default",
        "fontStyle": "bold",
        "fontColor": "#CCCCCC"
    },
    "minute": {
        "width": 70,
        "height": 78,
        "topmargin": 313,
        "leftmargin": 205,
        "rotation": 0,
        "visibility": "visible",
        "textsize": 60,
        "gravity": "center",
        "font": "default",
        "fontStyle": "bold",
        "fontColor": "#CCCCCC"
    },
    "second": {
        "width": 60,
        "height": 32,
        "topmargin": 325,
        "leftmargin": 280,
        "rotation": 0,
        "visibility": "visible",
        "textsize": 23,
        "gravity": "left",
        "font": "default",
        "fontStyle": "bold",
        "fontColor": "#CCCCCC"
    },
    "timePeriod": {
        "width": 0,
        "height": 0,
        "topmargin": 205,
        "leftmargin": 210,
        "rotation": 0,
        "visibility": "gone",
        "textsize": 17,
        "gravity": "center",
        "font": "default",
        "fontStyle": "bold",
        "fontColor": "#CCCCCC"
    },
    "day_name": {
        "width": 56,
        "height": 36,
        "topmargin": 172,
        "leftmargin": 120,
        "rotation": 0,
        "visibility": "gone",
        "textsize": 24,
        "gravity": "center",
        "font": "default",
        "fontStyle": "bold",
        "fontColor": "#FFFFFF"
    },
    "day": {
        "width": 56,
        "height": 36,
        "topmargin": 198,
        "leftmargin": 120,
        "rotation": 0,
        "visibility": "gone",
        "textsize": 24,
        "gravity": "center",
        "font": "default",
        "fontStyle": "bold",
        "fontColor": "#FFFFFF"
    },
    "month": {
        "width": 50,
        "height": 36,
        "topmargin": 180,
        "leftmargin": 220,
        "rotation": 0,
        "visibility": "gone",
        "textsize": 24,
        "gravity": "center",
        "font": "default",
        "fontStyle": "bold",
        "fontColor": "#FFFFFF"
    },
    "loop": {
        "width": 50,
        "height": 50,
        "topmargin": 50,
        "leftmargin": 68,
        "rotation": 0,
        "visibility": "visible",
        "textsize": 24,
        "gravity": "center",
        "font": "default",
        "fontStyle": "bold",
        "fontColor": "#CCCCCC"
    },
    "direction": {
        "width": 46,
        "height": 46,
        "topmargin": 50,
        "leftmargin": 285,
        "visibility": "visible"
    },
    "timestamp": {
        "width": 52,
        "height": 34,
        "topmargin": 120,
        "leftmargin": 280,
        "rotation": 0,
        "visibility": "visible",
        "textsize": 23,
        "gravity": "center",
        "font": "default",
        "fontStyle": "bold",
        "fontColor": "#CCCCCC"
    },
    "sgv": {
        "width": 400,
        "height": 100,
        "topmargin": 16,
        "leftmargin": 0,
        "rotation": 0,
        "visibility": "visible",
        "textsize": 74,
        "gravity": "center",
        "font": "default",
        "fontStyle": "bold",
        "fontColor": "#CCCCCC"
    },
    "cover_plate": {
        "width": 400,
        "height": 400,
        "topmargin": 0,
        "leftmargin": 0,
        "visibility": "gone"
    },
    "hour_hand": {
        "width": 400,
        "height": 400,
        "topmargin": 0,
        "leftmargin": 0,
        "visibility": "gone"
    },
    "minute_hand": {
        "width": 400,
        "height": 400,
        "topmargin": 0,
        "leftmargin": 0,
        "visibility": "gone"
    },
    "second_hand": {
        "width": 400,
        "height": 400,
        "topmargin": 0,
        "leftmargin": 0,
        "visibility": "gone"
    }
}