{
    "metadata": {
        "name": "Closed Loop - Open Mind",
        "author": "Johannes Schmidt,CaroGo",
        "created_at": "2024-03-09",
		"author_version": "1.0",
        "cwf_version": "1.0",
		"comment": "Lucky Loop Koeln"
    },
    "highColor": "#FFFF00",
    "midColor": "#64b5f6",
    "lowColor": "#FF0000",
    "lowBatColor": "#E53935",
    "carbColor": "#FB8C00",
    "basalBackgroundColor": "#0000FF",
    "basalCenterColor": "#64B5F6",
	"gridColor":"#C89A6C",
	"pointSize": 2,
    "enableSecond": false,
    "background": {
        "width": 400,
        "height": 400,
        "topmargin": 0,
        "leftmargin": 0,
        "visibility": "gone"
    },
    "chart": {
        "width": 270,
        "height": 120,
        "topmargin": 25030,
        "leftmargin": 65,
        "visibility": "gone"
    },
    "freetext1": {
        "width": 20,
        "height": 20,
        "topmargin": 210,
        "leftmargin": 131,
        "rotation": 0,
        "visibility": "gone",
        "textsize": 17,
		"textvalue": "",
        "gravity": "left",
        "font": "serif",
        "fontStyle": "bold",
        "fontColor": "#ad7f5a"
    },
    "freetext2": {
        "width": 20,
        "height": 20,
        "topmargin": 210,
        "leftmargin": 195,
        "rotation": 0,
        "visibility": "gone",
        "textsize": 17,
		"textvalue": "",
        "gravity": "left",
        "font": "serif",
        "fontStyle": "bold",
        "fontColor": "#ad7f5a"
    },
    "freetext3": {
        "width": 200,
        "height": 17,
        "topmargin": 214,
        "leftmargin": 148,
        "rotation": 0,
        "visibility": "gone",
        "textsize": 14,
		"textvalue": "",
        "gravity": "left",
        "font": "serif",
        "fontStyle": "bold",
        "fontColor": "#ad7f5a"
    },
    "freetext4": {
        "width": 400,
        "height": 17,
        "topmargin": 233,
        "leftmargin": 0,
        "rotation": 0,
        "visibility": "gone",
		"textvalue": "",
        "textsize": 10,
        "gravity": "center",
        "font": "serif",
        "fontStyle": "normal",
        "fontColor": "#ad7f5a"
    },
    "iob1": {
        "width": 100,
        "height": 40,
        "topmargin": 160,
        "leftmargin": 243,
        "rotation": 0,
        "visibility": "visible",
        "textsize": 31,
        "gravity": "center",
        "font": "default",
        "fontStyle": "bold",
        "fontColor": "#64b5f6"
    },
    "iob2": {
        "width": 130,
        "height": 40,
        "topmargin": 200,
        "leftmargin": 232,
        "rotation": 0,
        "visibility": "visible",
        "textsize": 31,
        "gravity": "center",
        "font": "default",
        "fontStyle": "bold",
        "fontColor": "#64b5f6"
    },
    "cob1": {
        "width": 100,
        "height": 40,
        "topmargin": 160,
        "leftmargin": 50,
        "rotation": 0,
        "visibility": "visible",
        "textsize": 31,
        "gravity": "center",
        "font": "default",
        "fontStyle": "bold",
        "fontColor": "#4EA8BE"
    },
    "cob2": {
        "width": 130,
        "height": 40,
        "topmargin": 200,
        "leftmargin": 39,
        "rotation": 0,
        "visibility": "visible",
        "textsize": 31,
        "gravity": "center",
        "font": "default",
        "fontStyle": "bold",
        "fontColor": "#4EA8BE"
    },
    "delta": {
        "width": 50,
        "height": 33,
        "topmargin": 100,
        "leftmargin": 228,
        "rotation": 0,
        "visibility": "visible",
        "textsize": 30,
        "gravity": "center",
        "font": "default",
        "fontStyle": "bold",
        "fontColor": "#64b5f6"
    },
    "avg_delta": {
        "width": 50,
        "height": 33,
        "topmargin": 324,
        "leftmargin": 209,
        "rotation": 0,
        "visibility": "gone",
        "textsize": 23,
        "gravity": "center",
        "font": "default",
        "fontStyle": "bold",
        "fontColor": "#64b5f6"
    },
    "uploader_battery": {
        "width": 110,
        "height": 40,
        "topmargin": 350,
        "leftmargin": 180,
        "rotation": 0,
        "visibility": "gone",
        "textsize": 30,
        "gravity": "center",
        "font": "default",
        "fontStyle": "bold",
        "fontColor": "#FFFFFF"
    },
    "rig_battery": {
        "width": 100,
        "height": 40,
        "topmargin": 350,
        "leftmargin": 200,
        "rotation": 0,
        "visibility": "gone",
        "textsize": 25,
        "gravity": "center",
        "font": "default",
        "fontStyle": "bold",
        "fontColor": "#FFFFFF"
    },
    "basalRate": {
        "width": 90,
        "height": 36,
        "topmargin": 185,
        "leftmargin": 208,
        "rotation": 0,
        "visibility": "gone",
        "textsize": 25,
        "gravity": "center",
        "font": "roboto-condensed-bold",
        "fontStyle": "bold",
        "fontColor": "#64b5f6"
    },
    "bgi": {
        "width": 0,
        "height": 0,
        "topmargin": 0,
        "leftmargin": 0,
        "rotation": 0,
        "visibility": "gone",
        "textsize": 23,
        "gravity": "center",
        "font": "default",
        "fontStyle": "bold",
        "fontColor": "#BDBDBD"
    },
    "time": {
        "width": 250,
        "height": 90,
        "topmargin": 275,
        "leftmargin": 76,
        "rotation": 0,
        "visibility": "visible",
        "textsize": 60,
        "gravity": "center",
        "font": "default",
        "fontStyle": "bold",
        "fontColor": "#FFFFFF"
    },
    "hour": {
        "width": 0,
        "height": 0,
        "topmargin": 313,
        "leftmargin": 129,
        "rotation": 0,
        "visibility": "visible",
        "textsize": 70,
        "gravity": "center",
        "font": "default",
        "fontStyle": "bold",
        "fontColor": "#FFFFFF"
    },
    "minute": {
        "width": 0,
        "height": 0,
        "topmargin": 313,
        "leftmargin": 205,
        "rotation": 0,
        "visibility": "visible",
        "textsize": 46,
        "gravity": "center",
        "font": "default",
        "fontStyle": "bold",
        "fontColor": "#FFFFFF"
    },
    "second": {
        "width": 0,
        "height": 0,
        "topmargin": 0,
        "leftmargin": 0,
        "rotation": 0,
        "visibility": "gone",
        "textsize": 46,
        "gravity": "center",
        "font": "default",
        "fontStyle": "bold",
        "fontColor": "#BDBDBD"
    },
    "timePeriod": {
        "width": 0,
        "height": 0,
        "topmargin": 0,
        "leftmargin": 0,
        "rotation": 0,
        "visibility": "gone",
        "textsize": 17,
        "gravity": "center",
        "font": "default",
        "fontStyle": "bold",
        "fontColor": "#BDBDBD"
    },
    "day_name": {
        "width": 56,
        "height": 36,
        "topmargin": 290,
        "leftmargin": 70,
        "rotation": 0,
        "visibility": "visible",
        "textsize": 27,
        "gravity": "center",
        "font": "default",
        "fontStyle": "bold",
        "fontColor": "#FFFFFF"
    },
    "day": {
        "width": 50,
        "height": 36,
        "topmargin": 318,
        "leftmargin": 72,
        "rotation": 0,
        "visibility": "visible",
        "textsize": 27,
        "gravity": "center",
        "font": "default",
        "fontStyle": "bold",
        "fontColor": "#FFFFFF"
    },
    "month": {
        "width": 50,
        "height": 36,
        "topmargin": 300,
        "leftmargin": 285,
        "rotation": 0,
        "visibility": "visible",
        "textsize": 27,
        "gravity": "center",
        "font": "default",
        "fontStyle": "bold",
        "fontColor": "#FFFFFF"
    },
    "loop": {
        "width": 50,
        "height": 50,
        "topmargin": 5,
        "leftmargin": 198,
        "rotation": 0,
        "visibility": "gone",
        "textsize": 30,
        "gravity": "center",
        "font": "default",
        "fontStyle": "bold",
        "fontColor": "#FFFFFF"
    },
    "direction": {
        "width": 40,
        "height": 40,
        "topmargin": 68,
        "leftmargin": 240,
        "visibility": "visible"
    },
    "timestamp": {
        "width": 30,
        "height": 30,
        "topmargin": 15,
        "leftmargin": 185,
        "rotation": 0,
        "visibility": "visible",
        "textsize": 28,
        "gravity": "center",
        "font": "default",
        "fontStyle": "bold",
        "fontColor": "#FFFFFF"
    },
    "sgv": {
        "width": 380,
        "height": 100,
        "topmargin": 43,
        "leftmargin": 112,
        "rotation": 0,
        "visibility": "visible",
        "textsize": 70,
        "gravity": "left",
        "font": "serif",
        "fontStyle": "bold",
        "fontColor": "#64b5f6"
    },
    "cover_plate": {
        "width": 400,
        "height": 400,
        "topmargin": 0,
        "leftmargin": 0,
        "visibility": "gone"
    },
    "hour_hand": {
        "width": 400,
        "height": 400,
        "topmargin": 0,
        "leftmargin": 0,
        "visibility": "gone",
		"color": "#BC906A"
    },
    "minute_hand": {
        "width": 400,
        "height": 400,
        "topmargin": 0,
        "leftmargin": 0,
        "visibility": "gone",
		"color": "#BC906A"
    },
    "second_hand": {
        "width": 400,
        "height": 400,
        "topmargin": 0,
        "leftmargin": 0,
        "visibility": "gone",
		"color": "#BC906A"
    }
}