{
    "metadata": {
        "name": "AAPS V2_TT_DarkOnly",
        "author": "Andrew Warrington",
        "created_at": "23\/11\/2024",
        "author_version": "1.1",
        "cwf_version": "1.1",
        "comment": "Adapted to custom watchface by Philoul on 16\/10\/2023. Adjusted to black background only with TT support by olorinmaia 26\/01\/2025"
    },
	"highColor": "#FFFF00",
	"midColor": "#FFFFFF",
	"lowColor": "#FF0000",
	"lowBatColor": "#E53935",
	"carbColor": "#FB8C00",
	"basalBackgroundColor": "#0000FF",
	"basalCenterColor": "#64B5F6",
	"gridColor": "#FFFFFF",
	"color1": "#000000",
	"fontColor1": "#FFFFFF",
	"tempTargetProfileColor": "#FFFFFF",
    "tempTargetLoopColor": "#77DD77",
    "tempTargetColor": "#F4D700",
    "pointSize": 2,
    "enableSecond": false,
    "background": {
        "width": 400,
        "height": 400,
        "topmargin": 0,
        "leftmargin": 0,
        "visibility": "visible"
    },
    "chart": {
        "width": 400,
        "height": 170,
        "topmargin": 230,
        "leftmargin": 0,
        "visibility": "visible"
    },
    "cover_chart": {
        "width": 400,
        "height": 400,
        "topmargin": 0,
        "leftmargin": 0,
        "visibility": "gone"
    },
    "freetext1": {
        "width": 400,
        "height": 37,
        "topmargin": 124,
        "leftmargin": 0,
        "rotation": 0,
        "visibility": "visible"
    },
    "freetext2": {
        "width": 0,
        "height": 0,
        "topmargin": 0,
        "leftmargin": 0,
        "rotation": 0,
        "visibility": "gone",
        "textsize": 21,
        "gravity": "center",
        "font": "default",
        "fontStyle": "normal",
        "fontColor": "#BDBDBD"
    },
    "freetext3": {
        "width": 0,
        "height": 0,
        "topmargin": 0,
        "leftmargin": 0,
        "rotation": 0,
        "visibility": "gone",
        "textsize": 21,
        "gravity": "center",
        "font": "default",
        "fontStyle": "normal",
        "fontColor": "#BDBDBD"
    },
    "freetext4": {
        "width": 0,
        "height": 0,
        "topmargin": 0,
        "leftmargin": 0,
        "rotation": 0,
        "visibility": "gone",
        "textsize": 21,
        "gravity": "center",
        "font": "default",
        "fontStyle": "normal",
        "fontColor": "#BDBDBD"
    },
    "iob1": {
        "width": 125,
        "height": 33,
        "topmargin": 168,
        "leftmargin": 275,
        "rotation": 0,
        "visibility": "visible",
        "textsize": 19,
        "gravity": "center",
        "font": "default",
        "fontStyle": "bold",
        "fontColor": "#67DFE8",
        "twinView": "day",
        "leftOffsetTwinHidden": -10,
        "dynPref": "prefIob1"
    },
    "iob2": {
        "width": 125,
        "height": 33,
        "topmargin": 196,
        "leftmargin": 275,
        "rotation": 0,
        "visibility": "visible",
        "textsize": 24,
        "gravity": "center",
        "font": "default",
        "fontStyle": "bold",
        "fontColor": "#FFFFFF",
        "twinView": "day",
        "leftOffsetTwinHidden": -10,
        "dynPref": "prefIob2"
    },
    "cob1": {
        "width": 105,
        "height": 33,
        "topmargin": 168,
        "leftmargin": 0,
        "rotation": 0,
        "visibility": "visible",
        "textsize": 19,
        "gravity": "center",
        "font": "default",
        "fontStyle": "bold",
        "fontColor": "#FFAE01",
        "twinView": "day",
        "leftOffsetTwinHidden": 10
    },
    "cob2": {
        "width": 105,
        "height": 33,
        "topmargin": 196,
        "leftmargin": 0,
        "rotation": 0,
        "visibility": "visible",
        "textsize": 24,
        "gravity": "center",
        "font": "default",
        "fontStyle": "bold",
        "fontColor": "#FFFFFF",
        "twinView": "day",
        "leftOffsetTwinHidden": 10
    },
    "delta": {
        "width": 56,
        "height": 32,
        "topmargin": 127,
        "leftmargin": 7,
        "rotation": 0,
        "visibility": "visible",
        "textsize": 24,
        "gravity": "center",
        "font": "default",
        "fontStyle": "bold",
        "fontColor": "#FFFFFF",
        "twinView": "avg_delta",
        "leftOffsetTwinHidden": 23
    },
    "avg_delta": {
        "width": 56,
        "height": 32,
        "topmargin": 127,
        "leftmargin": 64,
        "rotation": 0,
        "visibility": "visible",
        "textsize": 24,
        "gravity": "center",
        "font": "default",
        "fontStyle": "bold",
        "fontColor": "#FFFFFF",
        "twinView": "delta",
        "leftOffsetTwinHidden": -23
    },
    "uploader_battery": {
        "width": 60,
        "height": 32,
        "topmargin": 127,
        "leftmargin": 130,
        "rotation": 0,
        "visibility": "visible",
        "textsize": 24,
        "gravity": "center",
        "font": "default",
        "fontStyle": "bold",
        "fontColor": "#FFFFFF"
    },
    "basalRate": {
        "width": 90,
        "height": 32,
        "topmargin": 127,
        "leftmargin": 198,
        "rotation": 0,
        "visibility": "visible",
        "textsize": 24,
        "gravity": "center",
        "font": "default",
        "fontStyle": "bold",
        "fontColor": "#FFFFFF"
    },
	"tempTarget": {
        "width": 110,
        "height": 32,
        "topmargin": 127,
        "leftmargin": 282,
        "rotation": 0,
        "visibility": "visible",
        "textsize": 24,
        "gravity": "center",
        "font": "default",
        "fontStyle": "bold"
    },
    "time": {
        "width": 130,
        "height": 70,
        "topmargin": 162,
        "leftmargin": 105,
        "rotation": 0,
        "visibility": "visible",
        "textsize": 55,
        "gravity": "center",
        "font": "roboto_condensed_light",
        "fontStyle": "normal",
        "twinView": "day",
        "leftOffsetTwinHidden": 22,
        "fontColor": "#FFFFFF"
    },
    "hour": {
        "width": 0,
        "height": 0,
        "topmargin": 151,
        "leftmargin": 119,
        "rotation": 0,
        "visibility": "gone",
        "textsize": 70,
        "gravity": "center",
        "font": "default",
        "fontStyle": "bold",
        "fontColor": "#FFFFFF"
    },
    "minute": {
        "width": 0,
        "height": 0,
        "topmargin": 158,
        "leftmargin": 210,
        "rotation": 0,
        "visibility": "gone",
        "textsize": 46,
        "gravity": "center",
        "font": "default",
        "fontStyle": "bold",
        "fontColor": "#FFFFFF"
    },
    "second": {
        "width": 0,
        "height": 0,
        "topmargin": 158,
        "leftmargin": 210,
        "rotation": 0,
        "visibility": "gone",
        "textsize": 46,
        "gravity": "center",
        "font": "default",
        "fontStyle": "bold",
        "fontColor": "#FFFFFF"
    },
    "timePeriod": {
        "width": 0,
        "height": 0,
        "topmargin": 205,
        "leftmargin": 210,
        "rotation": 0,
        "visibility": "gone",
        "textsize": 17,
        "gravity": "center",
        "font": "default",
        "fontStyle": "bold",
        "fontColor": "#FFFFFF"
    },
    "day_name": {
        "width": 0,
        "height": 0,
        "topmargin": 0,
        "leftmargin": 0,
        "rotation": 0,
        "visibility": "none",
        "textsize": 24,
        "allCaps": true,
        "gravity": "center",
        "font": "default",
        "fontStyle": "bold",
        "fontColor": "#FFFFFF"
    },
    "day": {
        "width": 45,
        "height": 33,
        "topmargin": 168,
        "leftmargin": 230,
        "rotation": 0,
        "visibility": "visible",
        "textsize": 21,
        "gravity": "center",
        "font": "default",
        "fontStyle": "bold",
        "fontColor": "#FFFFFF"
    },
    "week_number": {
        "width": 0,
        "height": 0,
        "topmargin": 0,
        "leftmargin": 0,
        "rotation": 0,
        "visibility": "gone",
        "textsize": 24,
        "gravity": "center",
        "font": "default",
        "fontStyle": "bold",
        "fontColor": "#FFFFFF"
    },
    "month": {
        "width": 45,
        "height": 33,
        "topmargin": 196,
        "leftmargin": 230,
        "rotation": 0,
        "visibility": "visible",
        "textsize": 21,
        "allCaps": true,
        "gravity": "center",
        "font": "roboto_condensed_bold",
        "fontStyle": "bold",
        "fontColor": "#FFFFFF"
    },
    "loop": {
        "width": 50,
        "height": 50,
        "topmargin": 61,
        "leftmargin": 68,
        "rotation": 0,
        "visibility": "visible",
        "textsize": 24,
        "gravity": "center",
        "font": "default",
        "fontStyle": "bold",
        "fontColor": "#FFFFFF"
    },
    "direction": {
        "width": 40,
        "height": 40,
        "topmargin": 36,
        "leftmargin": 291,
        "visibility": "visible"
    },
    "timestamp": {
        "width": 52,
        "height": 34,
        "topmargin": 79,
        "leftmargin": 285,
        "rotation": 0,
        "visibility": "visible",
        "textsize": 25,
        "gravity": "center",
        "font": "default",
        "fontStyle": "bold",
        "fontColor": "#FFFFFF"
    },
    "sgv": {
        "width": 400,
        "height": 100,
        "topmargin": 26,
        "leftmargin": 0,
        "rotation": 0,
        "visibility": "visible",
        "textsize": 74,
        "gravity": "center",
        "font": "roboto_condensed_light",
        "fontStyle": "normal",
        "fontColor": "#FFFFFF"
    },
    "cover_plate": {
        "width": 400,
        "height": 400,
        "topmargin": 0,
        "leftmargin": 0,
        "visibility": "none"
    },
    "hour_hand": {
        "width": 400,
        "height": 400,
        "topmargin": 0,
        "leftmargin": 0,
        "visibility": "none"
    },
    "minute_hand": {
        "width": 400,
        "height": 400,
        "topmargin": 0,
        "leftmargin": 0,
        "visibility": "none"
    },
    "second_hand": {
        "width": 400,
        "height": 400,
        "topmargin": 0,
        "leftmargin": 0,
        "visibility": "none"
    },
    "dynPref": {
        "prefIob1": {
            "prefKey": "key_show_detailed_iob",
            "true": {
                "textsize1": 24
            }
        },
        "prefIob2": {
            "prefKey": "key_show_detailed_iob",
            "true": {
                "textsize1": 19
			}
		}
	}
}