{
    "metadata": {
        "name": "Blue Ring",
        "author": "SimonS",
        "created_at": "27\/05\/2024",
        "author_version": "1.8",
        "cwf_version": "1.0",
        "comment": "Enjoy"
    },
    "highColor": "#FFFF00",
    "midColor": "#00FF00",
    "lowColor": "#FF0000",
    "lowBatColor": "#E53935",
    "carbColor": "#FB8C00",
    "basalBackgroundColor": "#0000FF",
    "basalCenterColor": "#64B5F6",
    "gridColor": "#FFFFFF",
    "pointSize": 2,
    "enableSecond": true,
    "background": {
        "width": 400,
        "height": 400,
        "topmargin": 0,
        "leftmargin": 0,
        "visibility": "visible"
    },
    "chart": {
        "width": 0,
        "height": 0,
        "topmargin": 0,
        "leftmargin": 0,
        "visibility": "gone"
    },
    "cover_chart": {
        "width": 400,
        "height": 400,
        "topmargin": 0,
        "leftmargin": 0,
        "visibility": "gone"
    },
    "freetext1": {
        "width": 130,
        "height": 45,
        "topmargin": 168,
        "leftmargin": 230,
        "rotation": 0,
        "visibility": "visible",
		"textsize": 30,
		"textvalue": "Change",
        "gravity": "center",
        "font": "default",
        "fontStyle": "normal",
        "fontColor": "#FF00FF"
    },
    "freetext2": {
        "width": 0,
        "height": 0,
        "topmargin": 0,
        "leftmargin": 0,
        "rotation": 0,
        "visibility": "gone",
        "textsize": 21,
        "gravity": "center",
        "font": "default",
        "fontStyle": "normal",
        "fontColor": "#BDBDBD"
    },
    "freetext3": {
        "width": 0,
        "height": 0,
        "topmargin": 0,
        "leftmargin": 0,
        "rotation": 0,
        "visibility": "gone",
        "textsize": 21,
        "gravity": "center",
        "font": "default",
        "fontStyle": "normal",
        "fontColor": "#BDBDBD"
    },
    "freetext4": {
        "width": 0,
        "height": 0,
        "topmargin": 0,
        "leftmargin": 0,
        "rotation": 0,
        "visibility": "gone",
        "textsize": 21,
        "gravity": "center",
        "font": "default",
        "fontStyle": "normal",
        "fontColor": "#BDBDBD"
    },
    "iob1": {
        "width": 130,
        "height": 45,
        "topmargin": 168,
        "leftmargin": 40,
        "rotation": 0,
        "visibility": "visible",
        "textsize": 32,
        "gravity": "center",
        "font": "default",
        "fontStyle": "normal",
        "fontColor": "#FF00FF"
    },
    "iob2": {
        "width": 130,
        "height": 45,
        "topmargin": 200,
        "leftmargin": 40,
        "rotation": 0,
        "visibility": "visible",
        "textsize": 42,
        "gravity": "center",
        "font": "TB",
        "fontStyle": "normal",
        "fontColor": "#00FFFF"
    },
    "cob1": {
        "width": 0,
        "height": 0,
        "topmargin": 0,
        "leftmargin": 0,
        "rotation": 0,
        "visibility": "gone",
        "textsize": 21,
        "gravity": "center",
        "font": "default",
        "fontStyle": "normal",
        "fontColor": "#BDBDBD"
    },
    "cob2": {
        "width": 0,
        "height": 0,
        "topmargin": 0,
        "leftmargin": 0,
        "rotation": 0,
        "visibility": "gone",
        "textsize": 21,
        "gravity": "center",
        "font": "default",
        "fontStyle": "bold",
        "fontColor": "#BDBDBD"
    },
    "delta": {
        "width": 90,
        "height": 45,
        "topmargin": 200,
        "leftmargin": 245,
        "rotation": 0,
        "visibility": "visible",
        "textsize": 42,
        "gravity": "center",
        "font": "TB",
        "fontStyle": "normal",
        "fontColor": "#00FFFF"
    },
    "avg_delta": {
        "width": 0,
        "height": 0,
        "topmargin": 0,
        "leftmargin": 0,
        "rotation": 0,
        "visibility": "gone",
        "textsize": 23,
        "gravity": "center",
        "font": "default",
        "fontStyle": "bold",
        "fontColor": "#BDBDBD"
    },
    "uploader_battery": {
        "width": 120,
        "height": 40,
        "topmargin": 45,
        "leftmargin": 145,
        "rotation": 0,
        "visibility": "visible",
        "textsize": 35,
        "gravity": "center",
        "font": "default",
        "fontStyle": "bold",
        "fontColor": "#00FF00"
    },
    "rig_battery": {
        "width": 0,
        "height": 0,
        "topmargin": 0,
        "leftmargin": 0,
        "rotation": 0,
        "visibility": "gone",
        "textsize": 23,
        "gravity": "center",
        "font": "default",
        "fontStyle": "bold",
        "fontColor": "#BDBDBD"
    },
    "basalRate": {
        "width": 105,
        "height": 45,
        "topmargin": 245,
        "leftmargin": 248,
        "rotation": 0,
        "visibility": "visible",
        "textsize": 28,
        "gravity": "center",
        "font": "default",
        "fontStyle": "bold",
        "fontColor": "#FFFFFF"
    },
    "bgi": {
        "width": 0,
        "height": 0,
        "topmargin": 0,
        "leftmargin": 0,
        "rotation": 0,
        "visibility": "gone",
        "textsize": 28,
        "gravity": "center",
        "font": "default",
        "fontStyle": "bold",
        "fontColor": "#00FF00"
    },
    "time": {
        "width": 0,
        "height": 0,
        "topmargin": 151,
        "leftmargin": 0,
        "rotation": 0,
        "visibility": "gone",
        "textsize": 70,
        "gravity": "center",
        "font": "default",
        "fontStyle": "bold",
        "fontColor": "#BDBDBD"
    },
    "hour": {
        "width": 0,
        "height": 0,
        "topmargin": 151,
        "leftmargin": 119,
        "rotation": 0,
        "visibility": "gone",
        "textsize": 70,
        "gravity": "center",
        "font": "default",
        "fontStyle": "bold",
        "fontColor": "#BDBDBD"
    },
    "minute": {
        "width": 0,
        "height": 0,
        "topmargin": 158,
        "leftmargin": 210,
        "rotation": 0,
        "visibility": "gone",
        "textsize": 46,
        "gravity": "center",
        "font": "default",
        "fontStyle": "bold",
        "fontColor": "#BDBDBD"
    },
    "second": {
        "width": 0,
        "height": 0,
        "topmargin": 158,
        "leftmargin": 210,
        "rotation": 0,
        "visibility": "gone",
        "textsize": 46,
        "gravity": "center",
        "font": "default",
        "fontStyle": "bold",
        "fontColor": "#BDBDBD"
    },
    "timePeriod": {
        "width": 0,
        "height": 0,
        "topmargin": 205,
        "leftmargin": 210,
        "rotation": 0,
        "visibility": "gone",
        "textsize": 17,
        "gravity": "center",
        "font": "default",
        "fontStyle": "bold",
        "fontColor": "#BDBDBD"
    },
	"day_name": {
        "width": 70,
        "height": 50,
        "topmargin": 100,
        "leftmargin": 95,
        "rotation": 0,
        "visibility": "visible",
        "textsize": 42,
        "gravity": "center",
        "font": "default",
        "fontStyle": "bold",
        "fontColor": "#C0C0C0"
    },
    "day": {
        "width": 70,
        "height": 50,
        "topmargin": 100,
        "leftmargin": 162,
        "rotation": 0,
        "visibility": "visible",
        "textsize": 42,
        "gravity": "center",
        "font": "default",
        "fontStyle": "bold",
        "fontColor": "#C0C0C0"
    },
    "week_number": {
        "width": 0,
        "height": 0,
        "topmargin": 0,
        "leftmargin": 0,
        "rotation": 0,
        "visibility": "gone",
        "textsize": 24,
        "gravity": "center",
        "font": "default",
        "fontStyle": "bold",
        "fontColor": "#FFFF00"
    },
    "month": {
        "width": 90,
        "height": 50,
        "topmargin": 100,
        "leftmargin": 222,
        "rotation": 0,
        "visibility": "visible",
        "textsize": 42,
        "gravity": "center",
        "font": "default",
        "fontStyle": "bold",
        "fontColor": "#C0C0C0"
    },
    "loop": {
        "width": 0,
        "height": 0,
        "topmargin": 0,
        "leftmargin": 0,
        "rotation": 0,
        "visibility": "gone",
        "textsize": 24,
        "gravity": "center",
        "font": "default",
        "fontStyle": "bold",
        "fontColor": "#BDBDBD"
    },
    "direction": {
        "width": 40,
        "height": 40,
        "topmargin": 285,
        "leftmargin": 270,
        "visibility": "visible"
    },
    "timestamp": {
        "width": 52,
        "height": 34,
        "topmargin": 245,
        "leftmargin": 75,
        "rotation": 0,
        "visibility": "visible",
        "textsize": 28,
        "gravity": "center",
        "font": "default",
        "fontStyle": "bold",
        "fontColor": "#FFFFFF"
    },
    "sgv": {
        "width": 160,
        "height": 120,
        "topmargin": 240,
        "leftmargin": 110,
        "rotation": 0,
        "visibility": "visible",
        "textsize": 75,
        "gravity": "center",
        "font": "bp",
        "fontStyle": "normal",
        "fontColor": "#BDBDBD"
    },
    "cover_plate": {
        "width": 0,
        "height": 0,
        "topmargin": 0,
        "leftmargin": 0,
        "visibility": "gone"
    },
	"minute_hand": {
        "width": 400,
        "height": 400,
        "topmargin": 0,
        "leftmargin": 0,
        "visibility": "visible"
    },
    "hour_hand": {
        "width": 400,
        "height": 400,
        "topmargin": 0,
        "leftmargin": 0,
        "visibility": "visible"
    },
    "second_hand": {
        "width": 400,
        "height": 400,
        "topmargin": 0,
        "leftmargin": 0,
        "visibility": "visible"
    }
}