{
    "metadata": {
        "name": "Pink Floyd - The Wall",
        "author": "Johannes Schmidt",
        "created_at": "2024-03-09",
		"author_version": "1.0",
        "cwf_version": "1.0",
		"comment": "Pink Floyd - The Wall"
    },
    "highColor": "#FFFF00",
    "midColor": "#000000",
    "lowColor": "#FF0000",
    "lowBatColor": "#E53935",
    "carbColor": "#000000",
    "basalBackgroundColor": "#0000FF",
    "basalCenterColor": "#64B5F6",
	"gridColor":"#C89A6C",
	"pointSize": 2,
    "enableSecond": false,
    "background": {
        "width": 400,
        "height": 400,
        "topmargin": 0,
        "leftmargin": 0,
        "visibility": "gone"
    },
    "chart": {
        "width": 270,
        "height": 120,
        "topmargin": 25030,
        "leftmargin": 65,
        "visibility": "gone"
    },
    "freetext1": {
        "width": 20,
        "height": 20,
        "topmargin": 210,
        "leftmargin": 131,
        "rotation": 0,
        "visibility": "gone",
        "textsize": 17,
		"textvalue": "",
        "gravity": "left",
        "font": "serif",
        "fontStyle": "bold",
        "fontColor": "#ad7f5a"
    },
    "freetext2": {
        "width": 20,
        "height": 20,
        "topmargin": 210,
        "leftmargin": 195,
        "rotation": 0,
        "visibility": "gone",
        "textsize": 17,
		"textvalue": "",
        "gravity": "left",
        "font": "serif",
        "fontStyle": "bold",
        "fontColor": "#ad7f5a"
    },
    "freetext3": {
        "width": 200,
        "height": 17,
        "topmargin": 214,
        "leftmargin": 148,
        "rotation": 0,
        "visibility": "gone",
        "textsize": 14,
		"textvalue": "",
        "gravity": "left",
        "font": "serif",
        "fontStyle": "bold",
        "fontColor": "#ad7f5a"
    },
    "freetext4": {
        "width": 400,
        "height": 17,
        "topmargin": 233,
        "leftmargin": 0,
        "rotation": 0,
        "visibility": "gone",
		"textvalue": "",
        "textsize": 10,
        "gravity": "center",
        "font": "serif",
        "fontStyle": "normal",
        "fontColor": "#ad7f5a"
    },
    "iob1": {
        "width": 100,
        "height": 40,
        "topmargin": 117,
        "leftmargin": 31,
        "rotation": 0,
        "visibility": "visible",
        "textsize": 31,
        "gravity": "center",
        "font": "default",
        "fontStyle": "bold",
        "fontColor": "#000000"
    },
    "iob2": {
        "width": 100,
        "height": 40,
        "topmargin": 160,
        "leftmargin": 71,
        "rotation": 0,
        "visibility": "visible",
        "textsize": 29,
        "gravity": "center",
        "font": "default",
        "fontStyle": "bold",
        "fontColor": "#000000"
    },
    "cob1": {
        "width": 100,
        "height": 40,
        "topmargin": 117,
        "leftmargin": 200,
        "rotation": 0,
        "visibility": "visible",
        "textsize": 31,
        "gravity": "center",
        "font": "default",
        "fontStyle": "bold",
        "fontColor": "#000000"
    },
    "cob2": {
        "width": 100,
        "height": 40,
        "topmargin": 158,
        "leftmargin": 242,
        "rotation": 0,
        "visibility": "visible",
        "textsize": 29,
        "gravity": "center",
        "font": "default",
        "fontStyle": "bold",
        "fontColor": "#000000"
    },
    "delta": {
        "width": 60,
        "height": 40,
        "topmargin": 72,
        "leftmargin": 265,
        "rotation": 0,
        "visibility": "visible",
        "textsize": 35,
        "gravity": "center",
        "font": "default",
        "fontStyle": "bold",
        "fontColor": "#000000"
    },
    "avg_delta": {
        "width": 50,
        "height": 33,
        "topmargin": 324,
        "leftmargin": 209,
        "rotation": 0,
        "visibility": "gone",
        "textsize": 23,
        "gravity": "center",
        "font": "default",
        "fontStyle": "bold",
        "fontColor": "#64b5f6"
    },
    "uploader_battery": {
        "width": 110,
        "height": 40,
        "topmargin": 350,
        "leftmargin": 180,
        "rotation": 0,
        "visibility": "gone",
        "textsize": 30,
        "gravity": "center",
        "font": "default",
        "fontStyle": "bold",
        "fontColor": "#FFFFFF"
    },
    "rig_battery": {
        "width": 100,
        "height": 40,
        "topmargin": 350,
        "leftmargin": 200,
        "rotation": 0,
        "visibility": "gone",
        "textsize": 25,
        "gravity": "center",
        "font": "default",
        "fontStyle": "bold",
        "fontColor": "#FFFFFF"
    },
    "basalRate": {
        "width": 90,
        "height": 36,
        "topmargin": 185,
        "leftmargin": 208,
        "rotation": 0,
        "visibility": "gone",
        "textsize": 25,
        "gravity": "center",
        "font": "roboto-condensed-bold",
        "fontStyle": "bold",
        "fontColor": "#64b5f6"
    },
    "bgi": {
        "width": 0,
        "height": 0,
        "topmargin": 0,
        "leftmargin": 0,
        "rotation": 0,
        "visibility": "gone",
        "textsize": 23,
        "gravity": "center",
        "font": "default",
        "fontStyle": "bold",
        "fontColor": "#BDBDBD"
    },
    "time": {
        "width": 250,
        "height": 90,
        "topmargin": 301,
        "leftmargin": 44,
        "rotation": 0,
        "visibility": "visible",
        "textsize": 48,
        "gravity": "center",
        "font": "default",
        "fontStyle": "bold",
        "fontColor": "#000000"
    },
    "hour": {
        "width": 0,
        "height": 0,
        "topmargin": 313,
        "leftmargin": 129,
        "rotation": 0,
        "visibility": "visible",
        "textsize": 70,
        "gravity": "center",
        "font": "default",
        "fontStyle": "bold",
        "fontColor": "#FFFFFF"
    },
    "minute": {
        "width": 0,
        "height": 0,
        "topmargin": 313,
        "leftmargin": 205,
        "rotation": 0,
        "visibility": "visible",
        "textsize": 46,
        "gravity": "center",
        "font": "default",
        "fontStyle": "bold",
        "fontColor": "#FFFFFF"
    },
    "second": {
        "width": 0,
        "height": 0,
        "topmargin": 0,
        "leftmargin": 0,
        "rotation": 0,
        "visibility": "gone",
        "textsize": 46,
        "gravity": "center",
        "font": "default",
        "fontStyle": "bold",
        "fontColor": "#BDBDBD"
    },
    "timePeriod": {
        "width": 0,
        "height": 0,
        "topmargin": 0,
        "leftmargin": 0,
        "rotation": 0,
        "visibility": "gone",
        "textsize": 17,
        "gravity": "center",
        "font": "default",
        "fontStyle": "bold",
        "fontColor": "#BDBDBD"
    },
    "day_name": {
        "width": 60,
        "height": 36,
        "topmargin": 243,
        "leftmargin": 8,
        "rotation": 0,
        "visibility": "visible",
        "textsize": 31,
        "gravity": "center",
        "font": "default",
        "fontStyle": "bold",
        "fontColor": "#000000"
    },
    "day": {
        "width": 50,
        "height": 36,
        "topmargin": 243,
        "leftmargin": 96,
        "rotation": 0,
        "visibility": "visible",
        "textsize": 31,
        "gravity": "center",
        "font": "default",
        "fontStyle": "bold",
        "fontColor": "#000000"
    },
    "month": {
        "width": 60,
        "height": 36,
        "topmargin": 243,
        "leftmargin": 180,
        "rotation": 0,
        "visibility": "visible",
        "textsize": 31,
        "gravity": "center",
        "font": "default",
        "fontStyle": "bold",
        "fontColor": "#000000"
    },
    "loop": {
        "width": 50,
        "height": 50,
        "topmargin": 70,
        "leftmargin": 30,
        "rotation": 0,
        "visibility": "gone",
        "textsize": 30,
        "gravity": "center",
        "font": "default",
        "fontStyle": "bold",
        "fontColor": "#000000"
    },
    "direction": {
        "width": 40,
        "height": 40,
        "topmargin": 75,
        "leftmargin": 190,
        "visibility": "visible"
    },
    "timestamp": {
        "width": 35,
        "height": 35,
        "topmargin": 34,
        "leftmargin": 75,
        "rotation": 0,
        "visibility": "visible",
        "textsize": 31,
        "gravity": "center",
        "font": "default",
        "fontStyle": "bold",
        "fontColor": "#000000"
    },
    "sgv": {
        "width": 200,
        "height": 70,
        "topmargin": 16,
        "leftmargin": 104,
        "rotation": 0,
        "visibility": "visible",
        "textsize": 48,
        "gravity": "center",
        "font": "default",
        "fontStyle": "bold",
        "fontColor": "#000000"
    },
    "cover_plate": {
        "width": 400,
        "height": 400,
        "topmargin": 0,
        "leftmargin": 0,
        "visibility": "gone"
    },
    "hour_hand": {
        "width": 400,
        "height": 400,
        "topmargin": 0,
        "leftmargin": 0,
        "visibility": "gone",
		"color": "#BC906A"
    },
    "minute_hand": {
        "width": 400,
        "height": 400,
        "topmargin": 0,
        "leftmargin": 0,
        "visibility": "gone",
		"color": "#BC906A"
    },
    "second_hand": {
        "width": 400,
        "height": 400,
        "topmargin": 0,
        "leftmargin": 0,
        "visibility": "gone",
		"color": "#BC906A"
    }
}