{
    "metadata": {
        "name": "Gota",
        "author": "Rodriz & barisk81",
        "created_at": "2023-08-19",
        "author_version": "v2.4",
        "cwf_version": "1.0",
        "comment": "Gráficos creados por Rodriz y adaptación a AAPS por barisk81",
		//"key_show_avg_delta": "false",
		"key_show_bg": "true"
		//"key_show_bgi": "false",
		//"key_show_cob": "true",
		//"key_show_delta": "true",
		//"key_show_detailed_delta": "false",
		//"key_show_detailed_iob": "false",
		//"key_show_direction": "true",
		//"key_show_iob": "true"
		//"key_show_loop_status": "false",
		//"key_show_rig_battery": "false",
		//"key_show_temp_basal": "false",
		//"key_show_uploader_battery": "false"
    },
    "highColor": "#a64800",
    "midColor": "#000000",
    "lowColor": "#990000",
    "lowBatColor": "#E53935",
    "carbColor": "#FB8C00",
    "basalBackgroundColor": "#0000FF",
    "basalCenterColor": "#64B5F6",
	"gridColor":"#C89A6C",
	"pointSize": 2,
    "enableSecond": false,
    "background": {
        "width": 400,
        "height": 400,
        "topmargin": 0,
        "leftmargin": 0,
        "visibility": "gone"
    },
    "chart": {
        "width": 0,
        "height": 0,
        "topmargin": 160,
        "leftmargin": 65,
        "visibility": "gone"
    },
    "cover_chart": {
        "width": 0,
        "height": 0,
        "topmargin": 0,
        "leftmargin": 0,
        "visibility": "gone"
    },
    "freetext1": {
        "width": 135,
        "height": 36,
        "topmargin": 298,
        "leftmargin": 57,
        "rotation": 0,
        "visibility": "visible",
        "textsize": 27,
		"textvalue": "BASAL",
        "gravity": "center",
        "font": "roboto-condensed-bold",
        "fontStyle": "bold",
        "fontColor": "#00CCFF"
    },
    "freetext2": {
        "width": 0,
        "height": 0,
        "topmargin": 0,
        "leftmargin": 0,
        "rotation": 0,
        "visibility": "gone",
        "textsize": 21,
        "gravity": "center",
        "font": "default",
        "fontStyle": "normal",
        "fontColor": "#BDBDBD"
    },
    "freetext3": {
        "width": 0,
        "height": 0,
        "topmargin": 0,
        "leftmargin": 0,
        "rotation": 0,
        "visibility": "gone",
        "textsize": 21,
        "gravity": "center",
        "font": "default",
        "fontStyle": "normal",
        "fontColor": "#BDBDBD"
    },
    "freetext4": {
        "width": 0,
        "height": 0,
        "topmargin": 0,
        "leftmargin": 0,
        "rotation": 0,
        "visibility": "gone",
        "textsize": 21,
        "gravity": "center",
        "font": "default",
        "fontStyle": "normal",
        "fontColor": "#BDBDBD"
    },
    "iob1": {
        "width": 120,
        "height": 40,
        "topmargin": 34,
        "leftmargin": 46,
        "rotation": 0,
        "visibility": "visible",
        "textsize": 27,
        "gravity": "center",
        "font": "default",
        "fontStyle": "bold",
        "fontColor": "#00ccff"
    },
    "iob2": {
        "width": 160,
        "height": 40,
        "topmargin": 66,
        "leftmargin": 26,
        "rotation": 0,
        "visibility": "visible",
        "textsize": 27,
        "gravity": "center",
        "font": "roboto_condensed_bold",
        "fontStyle": "bold",
        "fontColor": "#00ccff"
    },
    "cob1": {
        "width": 120,
        "height": 40,
        "topmargin": 34,
        "leftmargin": 150,
        "rotation": 0,
        "visibility": "visible",
        "textsize": 27,
        "gravity": "center",
        "font": "default",
        "fontStyle": "bold",
        "fontColor": "#FB8C00"
    },
    "cob2": {
        "width": 120,
        "height": 40,
        "topmargin": 66,
        "leftmargin": 150,
        "rotation": 0,
        "visibility": "visible",
        "textsize": 27,
        "gravity": "center",
        "font": "default",
        "fontStyle": "bold",
        "fontColor": "#FB8C00"
    },
    "delta": {
        "width": 44,
        "height": 30,
        "topmargin": 248,
        "leftmargin": 113,
        "rotation": 0,
        "visibility": "visible",
        "textsize": 25,
        "gravity": "center",
        "font": "roboto_condensed_light",
        "fontStyle": "bold",
        "fontColor": "#000000"
    },
    "avg_delta": {
        "width": 44,
        "height": 30,
        "topmargin": 248,
        "leftmargin": 32,
        "rotation": 0,
        "visibility": "visible",
        "textsize": 25,
        "gravity": "center",
        "font": "roboto_condensed_light",
        "fontStyle": "bold",
        "fontColor": "#000000"
    },
    "uploader_battery": {
        "width": 0,
        "height": 0,
        "topmargin": 185,
        "leftmargin": 84,
        "rotation": 0,
        "visibility": "gone",
        "textsize": 25,
        "gravity": "center",
        "font": "default",
        "fontStyle": "bold",
        "fontColor": "#C89A6C"
    },
    "rig_battery": {
        "width": 0,
        "height": 0,
        "topmargin": 0,
        "leftmargin": 0,
        "rotation": 0,
        "visibility": "gone",
        "textsize": 23,
        "gravity": "center",
        "font": "default",
        "fontStyle": "bold",
        "fontColor": "#BDBDBD"
    },
    "basalRate": {
        "width": 135,
        "height": 36,
        "topmargin": 326,
        "leftmargin": 57,
        "rotation": 0,
        "visibility": "visible",
        "textsize": 27,
        "gravity": "center",
        "font": "roboto-condensed-bold",
        "fontStyle": "bold",
        "fontColor": "#00ccff"
    },
    "bgi": {
        "width": 0,
        "height": 0,
        "topmargin": 0,
        "leftmargin": 0,
        "rotation": 0,
        "visibility": "gone",
        "textsize": 23,
        "gravity": "center",
        "font": "default",
        "fontStyle": "bold",
        "fontColor": "#BDBDBD"
    },
	"time": {
        "width": 400,
        "height": 52,
        "topmargin": 348,
        "leftmargin": 0,
        "rotation": 0,
        "visibility": "visible",
        "textsize": 42,
        "gravity": "center",
        "font": "default",
        "fontStyle": "bold",
        "fontColor": "#FFFFFF"
    },
    "hour": {
        "width": 0,
        "height": 0,
        "topmargin": 0,
        "leftmargin": 0,
        "rotation": 0,
        "visibility": "gone",
        "textsize": 42,
        "gravity": "center",
        "font": "default",
        "fontStyle": "bold",
        "fontColor": "#FFFFFF"
    },
    "minute": {
        "width": 0,
        "height": 0,
        "topmargin": 0,
        "leftmargin": 0,
        "rotation": 0,
        "visibility": "gone",
        "textsize": 42,
        "gravity": "center",
        "font": "default",
        "fontStyle": "bold",
        "fontColor": "#FFFFFF"
    },
    "second": {
        "width": 0,
        "height": 0,
        "topmargin": 0,
        "leftmargin": 0,
        "rotation": 0,
        "visibility": "gone",
        "textsize": 46,
        "gravity": "center",
        "font": "default",
        "fontStyle": "bold",
        "fontColor": "#CCCCCC"
    },
    "timePeriod": {
        "width": 0,
        "height": 0,
        "topmargin": 0,
        "leftmargin": 0,
        "rotation": 0,
        "visibility": "gone",
        "textsize": 17,
        "gravity": "center",
        "font": "default",
        "fontStyle": "bold",
        "fontColor": "#CCCCCC"
    },
    "day_name": {
        "width": 0,
        "height": 0,
        "topmargin": 0,
        "leftmargin": 0,
        "rotation": 0,
        "visibility": "gone",
        "textsize": 24,
        "gravity": "center",
        "font": "default",
        "fontStyle": "bold",
        "fontColor": "#FFFFFF"
    },
    "day": {
        "width": 56,
        "height": 36,
        "topmargin": 106,
        "leftmargin": 44,
        "rotation": 0,
        "visibility": "visible",
        "textsize": 24,
        "gravity": "center",
        "font": "roboto-condensed-bold",
        "fontStyle": "bold",
        "fontColor": "#ffff00"
    },
    "month": {
        "width": 50,
        "height": 36,
        "topmargin": 106,
        "leftmargin": 86,
        "rotation": 0,
        "visibility": "visible",
        "textsize": 24,
        "gravity": "center",
        "font": "roboto-condensed-bold",
        "fontStyle": "bold",
        "fontColor": "#ffff00"
    },
    "loop": {
        "width": 50,
        "height": 50,
        "topmargin": 80,
        "leftmargin": 309,
        "rotation": 0,
        "visibility": "visible",
        "textsize": 24,
        "gravity": "center",
        "font": "default",
        "fontStyle": "bold",
        "fontColor": "#C89A6C"
    },
    "direction": {
        "width": 38,
        "height": 38,
        "topmargin": 249,
        "leftmargin": 79,
        "visibility": "visible"
    },
    "timestamp": {
        "width": 40,
        "height": 25,
        "topmargin": 165,
        "leftmargin": 123,
        "rotation": 0,
        "visibility": "visible",
        "textsize": 23,
        "gravity": "center",
        "font": "default",
        "fontStyle": "bold",
        "fontColor": "#000000"
    },
    "sgv": {
        "width": 130,
        "height": 74,
        "topmargin": 175,
        "leftmargin": 28,
        "rotation": 0,
        "visibility": "visible",
        "textsize": 66,
        "gravity": "center",
        "font": "serif",
        "fontStyle": "bold",
        "fontColor": "#006600"
    },
    "cover_plate": {
        "width": 400,
        "height": 400,
        "topmargin": 0,
        "leftmargin": 0,
        "visibility": "gone"
    },
    "hour_hand": {
        "width": 400,
        "height": 400,
        "topmargin": 0,
        "leftmargin": 0,
        "visibility": "gone",
		"color": "#BC906A"
    },
    "minute_hand": {
        "width": 400,
        "height": 400,
        "topmargin": 0,
        "leftmargin": 0,
        "visibility": "gone",
		"color": "#BC906A"
    },
    "second_hand": {
        "width": 400,
        "height": 400,
        "topmargin": 0,
        "leftmargin": 0,
        "visibility": "gone",
		"color": "#BC906A"
    }
}