{
    "metadata": {
        "name": "Robby watchface",
        "filename": "Robby watchface",
        "author": "Philoul, Robby",
        "created_at": "22\/08\/2023",
        "author_version": "1.0",
        "cwf_version": "0.9",
        "comment": "Cadran par défaut simplifie"
    },
    "highColor": "#FFFF00",
    "midColor": "#00FF00",
    "lowColor": "#FF0000",
    "lowBatColor": "#E53935",
    "carbColor": "#FB8C00",
    "basalBackgroundColor": "#0000FF",
    "basalCenterColor": "#64B5F6",
    "gridColor": "#FFFFFF",
    "pointSize": 2,
    "enableSecond": true,
    "background": {
        "width": 400,
        "height": 400,
        "topmargin": 0,
        "leftmargin": 0,
        "visibility": "visible"
    },
    "chart": {
        "width": 400,
        "height": 170,
        "topmargin": 230,
        "leftmargin": 0,
        "visibility": "visible"
    },
    "cover_chart": {
        "width": 400,
        "height": 400,
        "topmargin": 0,
        "leftmargin": 0,
        "visibility": "gone"
    },
    "freetext1": {
        "textvalue": "∆",
        "width": 30,
        "height": 30,
        "topmargin": 134,
        "leftmargin": 167,
        "rotation": 0,
        "visibility": "visible",
        "textsize": 21,
        "gravity": "center",
        "font": "default",
        "fontStyle": "normal",
        "fontColor": "#BDBDBD"
    },
    "freetext2": {
        "textvalue": "Tél",
        "width": 30,
        "height": 30,
        "topmargin": 135,
        "leftmargin": 48,
        "rotation": 0,
        "visibility": "visible",
        "textsize": 21,
        "gravity": "center",
        "font": "default",
        "fontStyle": "normal",
        "fontColor": "#BDBDBD"
    },
    "freetext3": {
        "width": 0,
        "height": 0,
        "topmargin": 0,
        "leftmargin": 0,
        "rotation": 0,
        "visibility": "gone",
        "textsize": 21,
        "gravity": "center",
        "font": "default",
        "fontStyle": "normal",
        "fontColor": "#BDBDBD"
    },
    "freetext4": {
        "width": 0,
        "height": 0,
        "topmargin": 0,
        "leftmargin": 0,
        "rotation": 0,
        "visibility": "gone",
        "textsize": 21,
        "gravity": "center",
        "font": "default",
        "fontStyle": "normal",
        "fontColor": "#BDBDBD"
    },
    "iob1": {
        "width": 130,
        "height": 33,
        "topmargin": 168,
        "leftmargin": 270,
        "rotation": 0,
        "visibility": "visible",
        "textsize": 21,
        "gravity": "center",
        "font": "default",
        "fontStyle": "normal",
        "fontColor": "#64b5f6"
    },
    "iob2": {
        "width": 130,
        "height": 33,
        "topmargin": 196,
        "leftmargin": 270,
        "rotation": 0,
        "visibility": "visible",
        "textsize": 21,
        "gravity": "center",
        "font": "default",
        "fontStyle": "bold",
        "fontColor": "#64b5f6"
    },
    "cob1": {
        "width": 120,
        "height": 33,
        "topmargin": 168,
        "leftmargin": 0,
        "rotation": 0,
        "visibility": "visible",
        "textsize": 21,
        "gravity": "center",
        "font": "default",
        "fontStyle": "normal",
        "fontColor": "#FB8C00"
    },
    "cob2": {
        "width": 120,
        "height": 33,
        "topmargin": 196,
        "leftmargin": 0,
        "rotation": 0,
        "visibility": "visible",
        "textsize": 21,
        "gravity": "center",
        "font": "default",
        "fontStyle": "bold",
        "fontColor": "#FB8C00"
    },
    "delta": {
        "width": 59,
        "height": 32,
        "topmargin": 133,
        "leftmargin": 179,
        "rotation": 0,
        "visibility": "visible",
        "textsize": 23,
        "gravity": "center",
        "font": "default",
        "fontStyle": "bold",
        "fontColor": "#BDBDBD"
    },
    "avg_delta": {
        "width": 0,
        "height": 0,
        "topmargin": 0,
        "leftmargin": 0,
        "rotation": 0,
        "visibility": "gone",
        "textsize": 23,
        "gravity": "center",
        "font": "default",
        "fontStyle": "bold",
        "fontColor": "#BDBDBD"
    },
    "uploader_battery": {
        "width": 60,
        "height": 32,
        "topmargin": 133,
        "leftmargin": 75,
        "rotation": 0,
        "visibility": "visible",
        "textsize": 23,
        "gravity": "center",
        "font": "default",
        "fontStyle": "bold",
        "fontColor": "#BDBDBD"
    },
    "rig_battery": {
        "width": 0,
        "height": 0,
        "topmargin": 0,
        "leftmargin": 0,
        "rotation": 0,
        "visibility": "gone",
        "textsize": 23,
        "gravity": "center",
        "font": "default",
        "fontStyle": "bold",
        "fontColor": "#BDBDBD"
    },
    "basalRate": {
        "width": 91,
        "height": 32,
        "topmargin": 133,
        "leftmargin": 252,
        "rotation": 0,
        "visibility": "visible",
        "textsize": 23,
        "gravity": "center",
        "font": "default",
        "fontStyle": "bold",
        "fontColor": "#BDBDBD"
    },
    "bgi": {
        "width": 0,
        "height": 0,
        "topmargin": 0,
        "leftmargin": 0,
        "rotation": 0,
        "visibility": "gone",
        "textsize": 23,
        "gravity": "center",
        "font": "default",
        "fontStyle": "bold",
        "fontColor": "#BDBDBD"
    },
    "time": {
        "width": 0,
        "height": 0,
        "topmargin": 151,
        "leftmargin": 0,
        "rotation": 0,
        "visibility": "gone",
        "textsize": 70,
        "gravity": "center",
        "font": "default",
        "fontStyle": "bold",
        "fontColor": "#BDBDBD"
    },
    "hour": {
        "width": 0,
        "height": 0,
        "topmargin": 151,
        "leftmargin": 119,
        "rotation": 0,
        "visibility": "gone",
        "textsize": 70,
        "gravity": "center",
        "font": "default",
        "fontStyle": "bold",
        "fontColor": "#BDBDBD"
    },
    "minute": {
        "width": 0,
        "height": 0,
        "topmargin": 158,
        "leftmargin": 210,
        "rotation": 0,
        "visibility": "gone",
        "textsize": 46,
        "gravity": "center",
        "font": "default",
        "fontStyle": "bold",
        "fontColor": "#BDBDBD"
    },
    "second": {
        "width": 0,
        "height": 0,
        "topmargin": 158,
        "leftmargin": 210,
        "rotation": 0,
        "visibility": "gone",
        "textsize": 46,
        "gravity": "center",
        "font": "default",
        "fontStyle": "bold",
        "fontColor": "#BDBDBD"
    },
    "timePeriod": {
        "width": 0,
        "height": 0,
        "topmargin": 205,
        "leftmargin": 210,
        "rotation": 0,
        "visibility": "gone",
        "textsize": 17,
        "gravity": "center",
        "font": "default",
        "fontStyle": "bold",
        "fontColor": "#BDBDBD"
    },
    "day_name": {
        "width": 56,
        "height": 36,
        "topmargin": 172,
        "leftmargin": 120,
        "rotation": 0,
        "visibility": "visible",
        "textsize": 24,
        "gravity": "center",
        "font": "default",
        "fontStyle": "bold",
        "fontColor": "#FFFFFF"
    },
    "day": {
        "width": 56,
        "height": 36,
        "topmargin": 198,
        "leftmargin": 120,
        "rotation": 0,
        "visibility": "visible",
        "textsize": 24,
        "gravity": "center",
        "font": "default",
        "fontStyle": "bold",
        "fontColor": "#FFFFFF"
    },
    "month": {
        "width": 50,
        "height": 36,
        "topmargin": 180,
        "leftmargin": 220,
        "rotation": 0,
        "visibility": "visible",
        "textsize": 24,
        "gravity": "center",
        "font": "default",
        "fontStyle": "bold",
        "fontColor": "#FFFFFF"
    },
    "loop": {
        "width": 0,
        "height": 0,
        "topmargin": 0,
        "leftmargin": 0,
        "rotation": 0,
        "visibility": "gone",
        "textsize": 24,
        "gravity": "center",
        "font": "default",
        "fontStyle": "bold",
        "fontColor": "#BDBDBD"
    },
    "direction": {
        "width": 40,
        "height": 40,
        "topmargin": 36,
        "leftmargin": 291,
        "visibility": "visible"
    },
    "timestamp": {
        "width": 52,
        "height": 34,
        "topmargin": 79,
        "leftmargin": 291,
        "rotation": 0,
        "visibility": "visible",
        "textsize": 25,
        "gravity": "center",
        "font": "default",
        "fontStyle": "bold",
        "fontColor": "#BDBDBD"
    },
    "sgv": {
        "width": 400,
        "height": 100,
        "topmargin": 26,
        "leftmargin": 0,
        "rotation": 0,
        "visibility": "visible",
        "textsize": 74,
        "gravity": "center",
        "font": "default",
        "fontStyle": "bold",
        "fontColor": "#BDBDBD"
    },
    "cover_plate": {
        "width": 400,
        "height": 400,
        "topmargin": 0,
        "leftmargin": 0,
        "visibility": "visible"
    },
    "hour_hand": {
        "width": 400,
        "height": 400,
        "topmargin": 0,
        "leftmargin": 0,
        "visibility": "visible"
    },
    "minute_hand": {
        "width": 400,
        "height": 400,
        "topmargin": 0,
        "leftmargin": 0,
        "visibility": "visible"
    },
    "second_hand": {
        "width": 400,
        "height": 400,
        "topmargin": 0,
        "leftmargin": 0,
        "visibility": "visible"
    }
}