{
    "metadata": {
        "name": "Gears",
        "filename": "Gears",
        "author": "Robby, Philoul",
        "created_at": "15\/08\/2023",
        "author_version": "0.7",
        "cwf_version": "0.7",
        "comment": ""
    },
    "highColor": "#FF0000",
    "midColor": "#00008b",
    "lowColor": "#FF0000",
    "lowBatColor": "#E53935",
    "carbColor": "#FB8C00",
    "basalBackgroundColor": "#0000FF",
    "basalCenterColor": "#64B5F6",
    "gridColor": "#FFFFFF",
    "pointSize": 2,
    "enableSecond": true,
    "background": {
        "width": 400,
        "height": 400,
        "topmargin": 0,
        "leftmargin": 0,
        "visibility": "visible"
    },
    "chart": {
        "width": 0,
        "height": 0,
        "topmargin": 0,
        "leftmargin": 0,
        "visibility": "gone"
    },
    "cover_chart": {
        "width": 0,
        "height": 0,
        "topmargin": 0,
        "leftmargin": 0,
        "visibility": "gone"
    },
    "freetext1": {
        "textvalue": "∆",
        "width": 39,
        "height": 30,
        "topmargin": 95,
        "leftmargin": 347,
        "rotation": 64,
        "visibility": "visible",
        "textsize": 23,
        "gravity": "center",
        "font": "default",
        "fontStyle": "normal",
        "fontColor": "#00008b"
    },
    "freetext2": {
        "textvalue": "Ω",
        "width": 0,
        "height": 0,
        "topmargin": 0,
        "leftmargin": 0,
        "rotation": 0,
        "visibility": "gone",
        "textsize": 21,
        "gravity": "center",
        "font": "default",
        "fontStyle": "normal",
        "fontColor": "#000000"
    },
    "freetext3": {
        "width": 0,
        "height": 0,
        "topmargin": 0,
        "leftmargin": 0,
        "rotation": 0,
        "visibility": "gone",
        "textsize": 21,
        "gravity": "center",
        "font": "default",
        "fontStyle": "normal",
        "fontColor": "#BDBDBD"
    },
    "freetext4": {
        "width": 0,
        "height": 0,
        "topmargin": 0,
        "leftmargin": 0,
        "rotation": 0,
        "visibility": "gone",
        "textsize": 21,
        "gravity": "center",
        "font": "default",
        "fontStyle": "normal",
        "fontColor": "#BDBDBD"
    },
    "iob1": {
        "width": 0,
        "height": 0,
        "topmargin": 0,
        "leftmargin": 0,
        "rotation": 0,
        "visibility": "gone",
        "textsize": 21,
        "gravity": "center",
        "font": "default",
        "fontStyle": "normal",
        "fontColor": "#64b5f6"
    },
    "iob2": {
        "width": 60,
        "height": 21,
        "topmargin": 323,
        "leftmargin": 256,
        "rotation": -30,
        "visibility": "visible",
        "textsize": 18,
        "gravity": "center",
        "font": "default",
        "fontStyle": "bold",
        "fontColor": "#64b5f6"
    },
    "cob1": {
        "width": 0,
        "height": 0,
        "topmargin": 0,
        "leftmargin": 0,
        "rotation": 0,
        "visibility": "gone",
        "textsize": 21,
        "gravity": "center",
        "font": "default",
        "fontStyle": "normal",
        "fontColor": "#FFFFFF"
    },
    "cob2": {
        "width": 60,
        "height": 33,
        "topmargin": 320,
        "leftmargin": 85,
        "rotation": 28,
        "visibility": "visible",
        "textsize": 18,
        "gravity": "center",
        "font": "default",
        "fontStyle": "bold",
        "fontColor": "#FB8C00"
    },
    "delta": {
        "width": 59,
        "height": 32,
        "topmargin": 119,
        "leftmargin": 348,
        "rotation": 70,
        "visibility": "visible",
        "textsize": 23,
        "gravity": "center",
        "font": "default",
        "fontStyle": "bold",
        "fontColor": "#00008b"
    },
    "avg_delta": {
        "width": 0,
        "height": 0,
        "topmargin": 0,
        "leftmargin": 0,
        "rotation": 0,
        "visibility": "gone",
        "textsize": 23,
        "gravity": "center",
        "font": "default",
        "fontStyle": "bold",
        "fontColor": "#BDBDBD"
    },
    "uploader_battery": {
        "width": 60,
        "height": 25,
        "topmargin": 195,
        "leftmargin": -16,
        "rotation": 268,
        "visibility": "visible",
        "textsize": 23,
        "gravity": "center",
        "font": "default",
        "fontStyle": "bold",
        "fontColor": "#000000"
    },
    "rig_battery": {
        "width": 0,
        "height": 0,
        "topmargin": 0,
        "leftmargin": 0,
        "rotation": 248,
        "visibility": "gone",
        "textsize": 23,
        "gravity": "center",
        "font": "default",
        "fontStyle": "bold",
        "fontColor": "#000000"
    },
    "basalRate": {
        "width": 91,
        "height": 32,
        "topmargin": 14,
        "leftmargin": 220,
        "rotation": 18,
        "visibility": "visible",
        "textsize": 23,
        "gravity": "center",
        "font": "default",
        "fontStyle": "bold",
        "fontColor": "#000000"
    },
    "bgi": {
        "width": 0,
        "height": 0,
        "topmargin": 0,
        "leftmargin": 0,
        "rotation": 0,
        "visibility": "gone",
        "textsize": 23,
        "gravity": "center",
        "font": "default",
        "fontStyle": "bold",
        "fontColor": "#BDBDBD"
    },
    "time": {
        "width": 0,
        "height": 0,
        "topmargin": 0,
        "leftmargin": 0,
        "rotation": 0,
        "visibility": "gone",
        "textsize": 70,
        "gravity": "center",
        "font": "default",
        "fontStyle": "bold",
        "fontColor": "#BDBDBD"
    },
    "hour": {
        "width": 0,
        "height": 0,
        "topmargin": 0,
        "leftmargin": 0,
        "rotation": 0,
        "visibility": "gone",
        "textsize": 70,
        "gravity": "center",
        "font": "default",
        "fontStyle": "bold",
        "fontColor": "#BDBDBD"
    },
    "minute": {
        "width": 0,
        "height": 0,
        "topmargin": 0,
        "leftmargin": 0,
        "rotation": 0,
        "visibility": "gone",
        "textsize": 46,
        "gravity": "center",
        "font": "default",
        "fontStyle": "bold",
        "fontColor": "#BDBDBD"
    },
    "second": {
        "width": 0,
        "height": 0,
        "topmargin": 0,
        "leftmargin": 0,
        "rotation": 0,
        "visibility": "gone",
        "textsize": 46,
        "gravity": "center",
        "font": "default",
        "fontStyle": "bold",
        "fontColor": "#BDBDBD"
    },
    "timePeriod": {
        "width": 0,
        "height": 0,
        "topmargin": 0,
        "leftmargin": 0,
        "rotation": 0,
        "visibility": "gone",
        "textsize": 17,
        "gravity": "center",
        "font": "default",
        "fontStyle": "bold",
        "fontColor": "#BDBDBD"
    },
    "day_name": {
        "width": 56,
        "height": 36,
        "topmargin": 344,
        "leftmargin": 84,
        "rotation": 28,
        "visibility": "visible",
        "textsize": 24,
        "gravity": "center",
        "font": "default",
        "fontStyle": "bold",
        "fontColor": "#000000"
    },
    "day": {
        "width": 56,
        "height": 36,
        "topmargin": 362,
        "leftmargin": 130,
        "rotation": 17,
        "visibility": "visible",
        "textsize": 24,
        "gravity": "center",
        "font": "default",
        "fontStyle": "bold",
        "fontColor": "#000000"
    },
    "month": {
        "width": 50,
        "height": 36,
        "topmargin": 360,
        "leftmargin": 218,
        "rotation": 346,
        "visibility": "visible",
        "textsize": 24,
        "gravity": "center",
        "font": "default",
        "fontStyle": "bold",
        "fontColor": "#000000"
    },
    "loop": {
        "width": 84,
        "height": 84,
        "topmargin": 199,
        "leftmargin": 175,
        "rotation": 0,
        "visibility": "visible",
        "textsize": 30,
        "gravity": "center",
        "font": "default",
        "fontStyle": "bold",
        "fontColor": "#FF0000"
    },
    "direction": {
        "width": 64,
        "height": 64,
        "topmargin": 170,
        "leftmargin": 82,
        "visibility": "visible"
    },
    "timestamp": {
        "width": 52,
        "height": 34,
        "topmargin": 245,
        "leftmargin": 7,
        "rotation": 0,
        "visibility": "visible",
        "textsize": 25,
        "gravity": "center",
        "font": "default",
        "fontStyle": "bold",
        "fontColor": "#000000"
    },
    "sgv": {
        "width": 165,
        "height": 72,
        "topmargin": 211,
        "leftmargin": 30,
        "rotation": 0,
        "visibility": "visible",
        "textsize": 45,
        "gravity": "center",
        "font": "default",
        "fontStyle": "bold",
        "fontColor": "#FFFF00"
    },
    "cover_plate": {
        "width": 400,
        "height": 400,
        "topmargin": 114,
        "leftmargin": -112,
        "visibility": "visible"
    },
    "hour_hand": {
        "width": 400,
        "height": 400,
        "topmargin": 0,
        "leftmargin": 0,
        "visibility": "visible"
    },
    "minute_hand": {
        "width": 400,
        "height": 400,
        "topmargin": 0,
        "leftmargin": 0,
        "visibility": "visible"
    },
    "second_hand": {
        "width": 330,
        "height": 330,
        "topmargin": 35,
        "leftmargin": 35,
        "visibility": "visible"
    }
}